{
  "1": [
    [
      0.010432339273393154,
      0.0
    ],
    [
      0.014082689769566059,
      0.0
    ],
    [
      0.014099626801908016,
      0.011976047904191617
    ],
    [
      0.021935593336820602,
      0.011976047904191617
    ],
    [
      0.021968388929963112,
      0.012048192771084338
    ],
    [
      0.025278287008404732,
      0.012048192771084338
    ],
    [
      0.025486983358860016,
      0.023255813953488372
    ],
    [
      0.04430088773369789,
      0.023255813953488372
    ],
    [
      0.04462883621454239,
      0.02857142857142857
    ],
    [
      0.05011003091931343,
      0.02857142857142857
    ],
    [
      0.05081193894147873,
      0.05555555555555555
    ],
    [
      0.0566103495657444,
      0.05555555555555555
    ],
    [
      0.05663212016224861,
      0.07692307692307693
    ],
    [
      0.09668982028961182,
      0.07692307692307693
    ],
    [
      0.0974883958697319,
      0.1935483870967742
    ],
    [
      0.1612435281276703,
      0.1935483870967742
    ],
    [
      0.16255104541778564,
      0.25
    ],
    [
      0.16869786381721497,
      0.25
    ],
    [
      0.1692918837070465,
      0.3333333333333333
    ],
    [
      0.27089816331863403,
      0.3333333333333333
    ],
    [
      0.28710001707077026,
      0.5
    ],
    [
      0.2884191870689392,
      0.5
    ],
    [
      0.2890237867832184,
      0.6153846153846154
    ],
    [
      0.778670608997345,
      0.6153846153846154
    ],
    [
      0.789071798324585,
      0.7407407407407407
    ],
    [
      0.9105456471443176,
      0.7407407407407407
    ],
    [
      0.9108889102935791,
      0.75
    ],
    [
      0.9127286672592163,
      0.75
    ],
    [
      0.9127679467201233,
      0.8421052631578947
    ],
    [
      0.9192999005317688,
      0.8421052631578947
    ],
    [
      0.9199342131614685,
      0.9285714285714286
    ],
    [
      0.9255152344703674,
      0.9285714285714286
    ],
    [
      0.9257498383522034,
      0.9487179487179487
    ],
    [
      0.9492625594139099,
      0.9487179487179487
    ],
    [
      0.9493384957313538,
      1.0
    ],
    [
      0.9678369760513306,
      1.0
    ]
  ],
  "2": [
    [
      0.015799183398485184,
      0.0
    ],
    [
      0.02315530925989151,
      0.0
    ],
    [
      0.023269109427928925,
      0.017977528089887642
    ],
    [
      0.034672047942876816,
      0.017977528089887642
    ],
    [
      0.03474598377943039,
      0.02040816326530612
    ],
    [
      0.036120813339948654,
      0.02040816326530612
    ],
    [
      0.036123842000961304,
      0.02654867256637168
    ],
    [
      0.040362030267715454,
      0.02654867256637168
    ],
    [
      0.04040691256523132,
      0.04504504504504504
    ],
    [
      0.04670903459191322,
      0.04504504504504504
    ],
    [
      0.04676220938563347,
      0.047619047619047616
    ],
    [
      0.05009643733501434,
      0.047619047619047616
    ],
    [
      0.050161831080913544,
      0.0593607305936073
    ],
    [
      0.0614037811756134,
      0.0593607305936073
    ],
    [
      0.06140868738293648,
      0.07692307692307693
    ],
    [
      0.06294014304876328,
      0.07692307692307693
    ],
    [
      0.06306323409080505,
      0.0967741935483871
    ],
    [
      0.06959962844848633,
      0.0967741935483871
    ],
    [
      0.06969451159238815,
      0.13636363636363635
    ],
    [
      0.07802972942590714,
      0.13636363636363635
    ],
    [
      0.07826507091522217,
      0.17105263157894737
    ],
    [
      0.09118666499853134,
      0.17105263157894737
    ],
    [
      0.09119303524494171,
      0.1724137931034483
    ],
    [
      0.0956595242023468,
      0.1724137931034483
    ],
    [
      0.09576427936553955,
      0.2
    ],
    [
      0.10025986284017563,
      0.2
    ],
    [
      0.10096253454685211,
      0.24390243902439024
    ],
    [
      0.11007193475961685,
      0.24390243902439024
    ],
    [
      0.11023814976215363,
      0.25
    ],
    [
      0.1116223931312561,
      0.25
    ],
    [
      0.11203698813915253,
      0.2727272727272727
    ],
    [
      0.14323367178440094,
      0.2727272727272727
    ],
    [
      0.14351360499858856,
      0.2777777777777778
    ],
    [
      0.14966492354869843,
      0.2777777777777778
    ],
    [
      0.15054020285606384,
      0.32954545454545453
    ],
    [
      0.18586333096027374,
      0.32954545454545453
    ],
    [
      0.18646863102912903,
      0.38461538461538464
    ],
    [
      0.20253723859786987,
      0.38461538461538464
    ],
    [
      0.20272451639175415,
      0.4394904458598726
    ],
    [
      0.303161084651947,
      0.4394904458598726
    ],
    [
      0.30324333906173706,
      0.5
    ],
    [
      0.3041374087333679,
      0.5
    ],
    [
      0.30539172887802124,
      0.5555555555555556
    ],
    [
      0.32925304770469666,
      0.5555555555555556
    ],
    [
      0.3301151692867279,
      0.639344262295082
    ],
    [
      0.36672547459602356,
      0.639344262295082
    ],
    [
      0.36719071865081787,
      0.6515151515151515
    ],
    [
      0.40397733449935913,
      0.6515151515151515
    ],
    [
      0.4042162299156189,
      0.7047619047619048
    ],
    [
      0.46331697702407837,
      0.7047619047619048
    ],
    [
      0.46369466185569763,
      0.7136929460580913
    ],
    [
      0.6428980827331543,
      0.7136929460580913
    ],
    [
      0.643940806388855,
      0.7263157894736842
    ],
    [
      0.7195280194282532,
      0.7263157894736842
    ],
    [
      0.7195356488227844,
      0.7639484978540773
    ],
    [
      0.8205675482749939,
      0.7639484978540773
    ],
    [
      0.8209245800971985,
      0.7966101694915254
    ],
    [
      0.8501683473587036,
      0.7966101694915254
    ],
    [
      0.8503820896148682,
      0.8421052631578947
    ],
    [
      0.8565673232078552,
      0.8421052631578947
    ],
    [
      0.8567340970039368,
      0.8478260869565217
    ],
    [
      0.8748571276664734,
      0.8478260869565217
    ],
    [
      0.87514328956604,
      0.9132947976878613
    ],
    [
      0.896336019039154,
      0.9132947976878613
    ],
    [
      0.8965306878089905,
      0.92
    ],
    [
      0.9014447331428528,
      0.92
    ],
    [
      0.9015151262283325,
      0.9310344827586207
    ],
    [
      0.9081398844718933,
      0.9310344827586207
    ],
    [
      0.9081450700759888,
      0.953125
    ],
    [
      0.9143991470336914,
      0.953125
    ],
    [
      0.9144037365913391,
      0.9594594594594594
    ],
    [
      0.9297189116477966,
      0.9594594594594594
    ],
    [
      0.9299982786178589,
      1.0
    ],
    [
      0.949162483215332,
      1.0
    ]
  ],